antecedents,consequents,antecedent support,consequent support,support,confidence,lift,representativity,leverage,conviction,zhangs_metric,jaccard,certainty,kulczynski
frozenset({'Bogotá'}),frozenset({'PRICE RES S.A.S.'}),0.01070908135226724,0.11249236133961804,0.006102381552688595,0.5698324022346368,5.065520853583068,1.0,0.0048976917035939834,2.063167108054654,0.811274943884967,0.05211298445368952,0.5153082869070683,0.31203973857363204
frozenset({'SOLARIS MAYORISTA DE TURISMO'}),frozenset({'Cancun'}),0.012072288435816023,0.02643083326567154,0.005046857572636716,0.41805309734513274,15.816871649222712,1.0,0.004727776929854568,1.6729518832265682,0.9482236014041479,0.15084940605441308,0.40225417716657075,0.3044994670234152
frozenset({'RUBIELA ROMERO BARRERO Y/O PARQUE DEL CAFE'}),frozenset({'Eje Cafetero'}),0.004559692658766618,0.01760203754588538,0.0032135790809676634,0.7047797563261481,40.03966895814832,1.0,0.0031333191995903554,3.327678177582668,0.9794909462120646,0.1695985566080289,0.699490171033777,0.4436741704670313
frozenset({'GRUPO WELCOME S.A.'}),frozenset({'San Andrés'}),0.012025281295003996,0.07694214275641327,0.010401398248770335,0.8649609097370291,11.241705504295084,1.0,0.009476147338684111,6.8354863428511905,0.9221344521790427,0.13239053576285012,0.8537046305350551,0.5000727903308861
frozenset({'MAS HOTELES S.A.S'}),frozenset({'Santa Marta'}),0.008803155461161418,0.05066087766605273,0.00454259915301679,0.5160194174757281,10.185757555904067,1.0,0.004096623571123647,1.9615231614924082,0.9098331012062837,0.08271086212262682,0.4901921019177982,0.3028431123650256
